id,name
1,madhu k
1,madhu k
1,madhu k
1,madhu k
1,madhu k
1,madhu k
1,madhu k
1,madhu k
1,madhu k
1,madhu k
1,madhu k
1,madhu k
1,madhu k
1,madhu k
1,madhu k
1,madhu k
1,madhu k
1,madhu k
1,madhu k
1,madhu k
1,madhu k
1,madhu k
1,madhu k
1,madhu k
1,madhu k
1,madhu k
1,madhu k
1,madhu k
1,madhu k
1,madhu k
1,madhu k
1,madhu k
1,madhu k
1,madhu k
1,madhu k
1,madhu k
1,madhu k
1,madhu k
1,madhu k
1,madhu k
1,madhu k
1,madhu k
1,madhu k
1,madhu k
1,madhu k
1,madhu k
1,madhu k
1,madhu k
1,madhu k
1,madhu k
1,madhu k
1,madhu k
1,madhu k
1,madhu k
1,madhu k
1,madhu k
1,madhu k
1,madhu k
1,madhu k
1,madhu k
1,madhu k
1,madhu k
1,madhu k
1,madhu k
1,madhu k
1,madhu k
1,madhu k
1,madhu k
1,madhu k
1,madhu k
1,madhu k
1,madhu k
1,madhu k
1,madhu k
1,madhu k
1,madhu k
1,madhu k
1,madhu k
1,madhu k
1,madhu k
1,madhu k
1,madhu k
1,madhu k
1,madhu k
1,madhu k
1,madhu k
1,madhu k
1,madhu k
1,madhu k
1,madhu k
1,madhu k
1,madhu k
1,madhu k
1,madhu k
1,madhu k
1,madhu k
1,madhu k
1,madhu k
1,madhu k
1,madhu k
1,madhu k
2,mahi
2,mahi
2,mahi
2,mahi
2,mahi
2,mahi
2,mahi
2,mahi
2,mahi
2,mahi
2,mahi
2,mahi
2,mahi
2,mahi
2,mahi
2,mahi
2,mahi
2,mahi
2,mahi
2,mahi
2,mahi
2,mahi
2,mahi
2,mahi
2,mahi
2,mahi
2,mahi
2,mahi
2,mahi
2,mahi
2,mahi
2,mahi
2,mahi
2,mahi
2,mahi
2,mahi
2,mahi
2,mahi
2,mahi
2,mahi
2,mahi
2,mahi
2,mahi
2,mahi
2,mahi
2,mahi
2,mahi
2,mahi
2,mahi
2,mahi
2,mahi
2,mahi
2,mahi
2,mahi
2,mahi
2,mahi
2,mahi
2,mahi
2,mahi
2,mahi
2,mahi
2,mahi
2,mahi
2,mahi
2,mahi
2,mahi
2,mahi
2,mahi
2,mahi
2,mahi
2,mahi
2,mahi
2,mahi
2,mahi
2,mahi
2,mahi
2,mahi
2,mahi
2,mahi
2,mahi
2,mahi
2,mahi
2,mahi
2,mahi
2,mahi
2,mahi
2,mahi
2,mahi
2,mahi
2,mahi
2,mahi
2,mahi
2,mahi
2,mahi
2,mahi
2,mahi
2,mahi
2,mahi
2,mahi
2,mahi
2,mahi
